<?xml version="1.0"?>
<pagescount>
	<html_total>14</html_total>
	<html_done>1</html_done>
	<images>11</images>
	<script>2</script>
	<css>1</css>
	<pdf/>
	<documents/>
	<excel/>
	<powerpoint/>
	<flash/>
	<audios/>
	<videos/>
	<xml/>
	<json/>
	<txt/>
	<autocad/>
	<fonts>5</fonts>
	<scraping_reload>1</scraping_reload>
	<is_pretty_url>false</is_pretty_url>
	<is_ebn>false</is_ebn>
	<email>camilis.romero@gmail.com</email>
	<theme_name>WmdTheme593899</theme_name>
	<server_url_front_page>https://www6.waybackmachinedownloader.com/wdo/files/demo/store-starter-template.webflow.io_camilis.romero_gmail.com_svr4p8r2z0/</server_url_front_page>
	<no_www_url>store-starter-template.webflow.io</no_www_url>
	<hosted_domain/>
	<original_archive_url>https://store-starter-template.webflow.io/</original_archive_url>
	<final_archive_url>https://store-starter-template.webflow.io/</final_archive_url>
	<front_page_code_date/>
	<total_urls_from_api/>
	<max_reached_live>false</max_reached_live>
	<scrape_other_captures>false</scrape_other_captures>
	<total_size>8</total_size>
</pagescount>
